{"CPU Overclock Settings":[{"ComponentID":151,"ComponentKey":"1C1B0DA13F0C","Settings":[]}],"Display":[{"ComponentID":44,"ComponentKey":"881635889","Settings":[]},{"ComponentID":31,"ComponentKey":"881635889","Settings":[{"Name":"Virtual Super Resolution","Value":1}]},{"ComponentID":35,"ComponentKey":"881635889","Settings":[{"ID":9,"Name":"GPU Scaling","Value":1},{"ID":11,"Name":"Scaling Mode","Value":1}]},{"ComponentID":46,"ComponentKey":"881635889","Settings":[{"ID":4,"Name":"HDMI Scaling","Value":0},{"ID":3,"Name":"HDMI Link Assurance","Value":1},{"ID":1,"Name":"Pixel Format","Value":"RGB 4:4:4 Pixel Format PC Standard (Full RGB)"},{"ID":0,"Name":"Color Depth","Value":"8 bpc"}]},{"ComponentID":60,"ComponentKey":"881635889","Settings":[{"ID":0,"Name":"Hue","Value":0},{"ID":1,"Name":"Saturation","Value":100},{"ID":2,"Name":"Brightness","Value":0},{"ID":3,"Name":"Contrast","Value":100},{"ID":4,"Name":"Color Temperature","State":0,"Value":6500}]},{"ComponentID":135,"ComponentKey":"881635889","Settings":[{"Name":"Radeon IntegerScaling","Value":0}]}],"Driver Settings":[{"ComponentID":40,"ComponentKey":"1C1B0DA13F0C","Settings":[{"ID":0,"Name":"Preferred Software Version","Value":0},{"ID":1,"Name":"Check For Updates","State":1,"Value":""},{"ID":2,"Name":"Download Drivers & Software","State":0,"Value":""}]}],"Global Settings":[{"ComponentID":145,"ComponentKey":"6FDFEF0B311002EF015.050.002.001","Settings":[{"Name":"TenBit Pixel Format","State":0,"Value":""}]},{"ComponentID":4,"ComponentKey":"1C1B0DA13F0C","Settings":[]},{"ComponentID":7,"ComponentKey":"6FDFEF0B311002EF015.050.002.001","Settings":[{"Name":"Tessellation_OPTION","Value":"0"},{"Name":"AntiAlias","Value":"1"},{"Name":"Tessellation","Value":"64"},{"Name":"VSyncControl","Value":"0"},{"Name":"SurfaceFormatReplacements","Value":"1"},{"Name":"MLF","Value":"0"},{"Name":"ASTT","Value":"0"},{"Name":"TFQ","Value":"2"},{"Name":"AntiAliasSamples","Value":"0"},{"Name":"ASD","Value":"0"},{"Name":"MVPU","Value":""},{"Name":"TurboSync","Value":"0"},{"Name":"AnisoType","Value":"0"},{"Name":"EQAA","Value":"0"},{"Name":"AnisoDegree","Value":"0"},{"Name":"EnableTripleBuffering","Value":"0"},{"Name":"GameMode","Value":""},{"Name":"ShaderCache","Value":"1"},{"Name":"ASE","Value":"0"},{"ID":0,"Name":"Radeon™ Anti-Lag","State":1,"Value":0},{"ID":1,"Name":"Radeon™ Chill","SubSettings":[{"Name":"Toggle","Value":"0"},{"Name":"Min FPS","Value":"75"},{"Name":"Max FPS","Value":"75"}],"Value":""},{"ID":2,"Name":"Radeon™ Boost","State":0,"Value":50},{"ID":3,"Name":"Radeon™ Image Sharpening","State":1,"Value":100},{"ID":7,"Name":"Frame rate target control","State":0,"Value":75}]}],"Global Wattman":[{"ComponentID":5,"ComponentKey":"6FDFEF0B311002EF015.050.002.001","Settings":[{"ID":12,"Name":"VOLTAGE_GPUCLOCK_ABS","State":0,"SubSettings":[{"Name":"0","Value":"750"},{"Name":"1","Value":"765"},{"Name":"2","Value":"918"},{"Name":"3","Value":"993"},{"Name":"4","Value":"1056"},{"Name":"5","Value":"1118"},{"Name":"6","Value":"1150"},{"Name":"7","Value":"1150"}],"Value":""},{"ID":4,"Name":"GPU_CLOCK_ABS","State":1,"SubSettings":[{"Name":"0","Value":"300"},{"Name":"1","Value":"588"},{"Name":"2","Value":"952"},{"Name":"3","Value":"1041"},{"Name":"4","Value":"1106"},{"Name":"5","Value":"1168"},{"Name":"6","Value":"1209"},{"Name":"7","Value":"1284"}],"Value":""},{"ID":13,"Name":"VOLTAGE_MEMORYCLOCK_ABS","State":0,"SubSettings":[{"Name":"0","Value":"750"},{"Name":"1","Value":"800"},{"Name":"2","Value":"0"},{"Name":"3","Value":"0"},{"Name":"4","Value":"0"},{"Name":"5","Value":"0"},{"Name":"6","Value":"0"},{"Name":"7","Value":"0"}],"Value":""},{"ID":5,"Name":"MEMORY_CLOCK_ABS","State":1,"SubSettings":[{"Name":"0","Value":"1000"},{"Name":"1","Value":"1750"},{"Name":"2","Value":"0"},{"Name":"3","Value":"0"},{"Name":"4","Value":"0"},{"Name":"5","Value":"0"},{"Name":"6","Value":"0"},{"Name":"7","Value":"0"}],"Value":""},{"ID":17,"Name":"MEMORY_TIMING","State":0,"SubSettings":[{"Name":"0","Value":"0"}],"Value":""},{"ID":9,"Name":"FAN_SPEED_ABS","State":1,"SubSettings":[{"Name":"0","Value":"0"},{"Name":"1","Value":"0"},{"Name":"2","Value":"910"}],"Value":""},{"ID":8,"Name":"GPU_TEMPERATURE_ABS","State":0,"SubSettings":[{"Name":"0","Value":"0"},{"Name":"1","Value":"0"},{"Name":"2","Value":"0"}],"Value":""},{"ID":20,"Name":"AUTO_OC_ENGINE","State":0,"SubSettings":[{"Name":"0","Value":"0"}],"Value":""},{"ID":25,"Name":"ASIC_POWER_ABS","State":0,"SubSettings":[{"Name":"0","Value":"0"}],"Value":""},{"ID":22,"Name":"FAN_CURVE","State":1,"SubSettings":[{"Name":"0","Value":"30"},{"Name":"1","Value":"38"},{"Name":"2","Value":"50"},{"Name":"3","Value":"42"},{"Name":"4","Value":"63"},{"Name":"5","Value":"47"},{"Name":"6","Value":"76"},{"Name":"7","Value":"52"},{"Name":"8","Value":"85"},{"Name":"9","Value":"66"}],"Value":""},{"ID":1,"Name":"GPU_ACTIVILITY_PERCENTAGE","State":0,"SubSettings":[{"Name":"0","Value":"0"}],"Value":""}]}],"Hotkey Settings":[{"ComponentID":93,"ComponentKey":"1C1B0DA13F0C","Settings":[{"ID":9999,"Name":"Use Hotkeys","State":0,"Value":""},{"ID":10000,"Name":"Use Display Hotkeys","State":0,"Value":""},{"ID":0,"Name":"Toggle Streaming","Value":"Ctrl+Shift,G"},{"ID":1,"Name":"Toggle Region Streaming","Value":"NONE"},{"ID":2,"Name":"Open Sidebar","Value":"Alt,Z"},{"ID":3,"Name":"Toggle Recording","Value":"Ctrl+Shift,E"},{"ID":4,"Name":"Save Instant Replay","Value":"Ctrl+Shift,S"},{"ID":5,"Name":"Take Screenshot","Value":"Ctrl+Shift,I"},{"ID":6,"Name":"Toggle Microphone","Value":"Ctrl+Shift,M"},{"ID":7,"Name":"Toggle Camera","Value":"Ctrl+Shift,C"},{"ID":8,"Name":"Toggle Region Recording","Value":"NONE"},{"ID":9,"Name":"Save Instant GIF","Value":"Ctrl+Shift,J"},{"ID":10,"Name":"Save In-Game Replay","Value":"Ctrl+Shift,U"},{"ID":11,"Name":"Push To Talk","Value":"MOUSE_MIDDLE"},{"ID":12,"Name":"Open Fullscreen","Value":"Alt,R"},{"ID":13,"Name":"Toggle Performance Logging","Value":"Ctrl+Shift,L"},{"ID":14,"Name":"Toggle Performance Overlay","Value":"Ctrl+Shift,O"},{"ID":15,"Name":"Toggle Radeon™ Super Resolution","Value":"Alt,U"},{"ID":16,"Name":"Toggle Radeon™ Chill","Value":"Alt,VK_F11"},{"ID":17,"Name":"Toggle Radeon™ Anti-Lag","Value":"Alt,L"},{"ID":18,"Name":"Toggle Radeon™ Boost","Value":"Alt,K"},{"ID":19,"Name":"Switch Default","Value":"NONE"},{"ID":30,"Name":"Rotate Display 0 Degrees","Value":"Ctrl+Alt,VK_UP"},{"ID":31,"Name":"Rotate Display Counter-Clockwise 90 Degrees","Value":"Ctrl+Alt,VK_LEFT"},{"ID":32,"Name":"Rotate Display 180 Degrees","Value":"Ctrl+Alt,VK_DOWN"},{"ID":33,"Name":"Rotate Display Clockwise 90 Degrees","Value":"Ctrl+Alt,VK_RIGHT"}]}],"Performance Settings":[{"ComponentID":157,"ComponentKey":"1C1B0DA13F0C","Settings":[]},{"ComponentID":90,"ComponentKey":"1C1B0DA13F0C","Settings":[{"ID":3,"Name":"Performance Logging Location","Value":"C:\\Users\\acome\\AppData\\Local\\AMD\\CN"},{"ID":4,"Name":"Sampling Interval","Value":200},{"ID":8,"Name":"FPS","Value":9},{"ID":38,"Name":"Frame Time","Value":8},{"ID":39,"Name":"99th% FPS","Value":9},{"ID":42,"Name":"Heavy Stutter Rate","Value":8},{"ID":17,"Name":"CPU UTIL","Value":9},{"ID":18,"Name":"SYSTEM MEMORY UTIL","Value":8},{"ID":5,"Name":"Hide Metrics Overlay During Logging","Value":1},{"ID":6,"Name":"Show In Video/Stream Output","Value":0},{"ID":1,"Name":"Show Metrics Overlay","State":0,"Value":""},{"ID":20,"Name":"Location","Value":1},{"ID":22,"Name":"Position","Value":"40,40"},{"ID":29,"Name":"TransparencyWA","Value":1},{"ID":21,"Name":"Transparency","Value":30},{"ID":24,"Name":"Size","Value":2},{"ID":25,"Name":"Columns","Value":1},{"ID":26,"Name":"Text Color","Value":0},{"ID":27,"Name":"Custom Text Color","Value":"#F8FFFF"},{"ID":28,"Name":"Show Graphs Meters","Value":0}]},{"ComponentID":90,"ComponentKey":"6FDFEF0B311002EF015.050.002.001","Settings":[{"ID":9,"Name":"GPU UTIL","Value":9},{"ID":10,"Name":"GPU SCLK","Value":8},{"ID":11,"Name":"GPU MCLK","Value":8},{"ID":12,"Name":"GPU TEMP","Value":9},{"ID":14,"Name":"GPU PWR","Value":8},{"ID":15,"Name":"GPU FAN","Value":8},{"ID":16,"Name":"GPU Memory","Value":8}]}],"Preferences Settings":[{"ComponentID":57,"ComponentKey":"1C1B0DA13F0C","Settings":[{"ID":2,"Name":"System Tray Menu","State":1,"Value":""},{"ID":0,"Name":"In-Game Overlay","State":1,"Value":""},{"ID":4,"Name":"Advertisements","State":0,"Value":""},{"ID":8,"Name":"Toast Notifications","State":0,"Value":""},{"ID":6,"Name":"Always On Top","State":0,"Value":""},{"ID":5,"Name":"Language","State":0,"Value":""},{"ID":7,"Name":"Sidebar Position","State":0,"Value":""},{"ID":11,"Name":"Web Browser","State":0,"Value":""},{"ID":10,"Name":"Animation & Effects","State":0,"Value":""}]}],"ReLive Settings":[{"ComponentID":59,"ComponentKey":"1C1B0DA13F0C","Settings":[]},{"ComponentID":47,"ComponentKey":"1C1B0DA13F0C","Settings":[{"ID":0,"Name":"ReLive Toggle","State":1,"Value":""},{"ID":1,"Name":"Media save location","Value":"C:\\Users\\acome\\Videos\\Radeon ReLive"},{"ID":5,"Name":"Instant GIF","State":0,"Value":""},{"ID":6,"Name":"Instant GIF Duration","Value":15},{"ID":7,"Name":"Instant GIF Quality","Value":"Medium"},{"ID":8,"Name":"In-Game Replay","State":0,"Value":""},{"ID":9,"Name":"In-Game Replay Duration","Value":15},{"ID":13,"Name":"In-Game Replay Location","Value":"40,40"},{"ID":12,"Name":"In-Game Replay Position","Value":"Centered"},{"ID":11,"Name":"In-Game Replay Dimensions","Value":"1280,720"},{"ID":10,"Name":"In-Game Replay Size","Value":"Medium"},{"ID":2,"Name":"Instant Replay","State":0,"Value":""},{"ID":3,"Name":"Instant Replay Duration","Value":60},{"ID":4,"Name":"Instant Replay Buffer","State":0,"Value":""},{"ID":14,"Name":"Streaming Profile","Value":"High"},{"ID":15,"Name":"Streaming Resolution","Value":"720"},{"ID":16,"Name":"Video Bit Rate","Value":3500},{"ID":17,"Name":"Streaming FPS","Value":60},{"ID":18,"Name":"Audio Bit Rate","Value":128},{"ID":19,"Name":"Archive Stream","State":0,"Value":""},{"ID":38,"Name":"Target Desktop","Value":"\\\\.\\DISPLAY1"},{"ID":34,"Name":"Streaming Enhanced Filtering","State":0,"Value":""},{"ID":20,"Name":"Record Desktop","State":1,"Value":""},{"ID":21,"Name":"Show Indicator","State":0,"Value":""},{"ID":22,"Name":"Borderless Region Capture","State":0,"Value":""},{"ID":23,"Name":"Record Camera","State":0,"Value":""},{"ID":24,"Name":"Record Microphone","State":0,"Value":""},{"ID":25,"Name":"Microphone Level","Value":50},{"ID":26,"Name":"Push To Talk","State":0,"Value":""},{"ID":27,"Name":"Audio Boost","Value":100},{"ID":28,"Name":"Recording Profile","Value":"High"},{"ID":29,"Name":"Recording Resolution","Value":"InGame"},{"ID":30,"Name":"Recording Video Bit Rate","Value":30000},{"ID":31,"Name":"Recording FPS","Value":60},{"ID":32,"Name":"Recording Audio Bit Rate","Value":192},{"ID":35,"Name":"Video Encoding Type","Value":"AVC"},{"ID":36,"Name":"Audio Channels","Value":0},{"ID":37,"Name":"Separate Microphone Track","State":0,"Value":""},{"ID":33,"Name":"Recording Enhanced Filtering","State":0,"Value":""}]}],"Scene Settings":[{"ComponentID":138,"ComponentKey":"1C1B0DA13F0C","Priority":0,"Settings":[{"ID":0,"Name":"SceneName","Value":"Scene 1"},{"ID":1,"Name":"SceneRect","Value":"1.0,1.0"},{"ID":2,"Name":"Indicator","SubSettings":[{"Name":"IndicatorPosition","Value":"0"},{"Name":"IndicatorTimer","Value":"1"}],"Value":""},{"ID":3,"Name":"Camera","SubSettings":[{"Name":"CameraEnable","Value":"1"},{"Name":"CameraSize","Value":"3"},{"Name":"CameraChromaEnable","Value":"0"},{"Name":"CameraChromaStrength","Value":"0"},{"Name":"CameraChromaKeyColor","Value":"00FF00"},{"Name":"CameraOpacity","Value":"100"},{"Name":"CameraOnScreen","Value":"1"},{"Name":"CameraRect","Value":"0.1667,0.2222"},{"Name":"CameraPosition","Value":"0.0208,0.0370"},{"Name":"CameraAnchor","Value":"3"},{"Name":"CameraChromaColor","Value":"3"}],"Value":""},{"ID":4,"Name":"Chat Overlay","SubSettings":[{"Name":"ChatEnabled","Value":"0"},{"Name":"ChatSize","Value":"0.1562,0.1562"},{"Name":"ChatPosition","Value":"0.0260,0.0462"},{"Name":"ChatFont","Value":"1"}],"Value":""}]}],"System Settings":[{"ComponentID":15,"ComponentKey":"1C1B0DA13F0C","Settings":[{"ID":0,"Name":"Issue Detection","State":0,"Value":""}]}],"SystemDetails":{"CNVerson":"23.19.23.01","DisplayIDs":[{"Index":12,"Key":"881635889"}],"DynamicPowerSlider":"FALSE","GPUIDs":[{"AutoDefault":0,"Index":256,"Key":"6FDFEF0B311002EF015.050.002.001","OD8AdvancedControl":0,"ODNComponentControl":2}],"GUID":"1C1B0DA13F0C","View":"FALSE"},"Video Settings":[{"ComponentID":6,"ComponentKey":"6FDFEF0B311002EF015.050.002.001","Settings":[{"ID":2,"Name":"Video Color Vibrance","Value":0},{"ID":3,"Name":"Video Sharpness","Value":0},{"ID":4,"Name":"Custom Brightness","Value":0},{"ID":5,"Name":"AMD Steady Video","State":0,"Value":""},{"ID":6,"Name":"AMD Fluid Motion Video","State":0,"Value":""},{"ID":7,"Name":"Demo Mode","State":0,"Value":""},{"ID":1,"Name":"Video Profile","Value":2}]}],"Wizard Profile Settings":[{"ComponentID":143,"ComponentKey":"1C1B0DA13F0C","Settings":[{"ID":0,"Name":"Wizard Profile","Value":3}]}]}